Subtype,threshold,TargetID,feature_importance_mean,training.error,cv.error,test.error,CHR,UCSC_REFGENE_NAME,Gene
aneuploidy,14.5,cg02522367,0.0007939215629381501,0.9617316784506511,0.9614220416217418,0.9617541156175394,9.0,LCN6, LCN6
aneuploidy,14.5,cg02657865,0.004647991595964079,0.9617316784506511,0.9614220416217418,0.9617541156175394,6.0,TNXB, TNXB
aneuploidy,14.5,cg03148927,0.0012220283189538427,0.9617316784506511,0.9614220416217418,0.9617541156175394,3.0,LARS2, LARS2
aneuploidy,14.5,cg04858987,0.00214774821482518,0.9617316784506511,0.9614220416217418,0.9617541156175394,3.0,SH3BP5;SH3BP5, SH3BP5
aneuploidy,14.5,cg06828613,0.0009313548115303156,0.9617316784506511,0.9614220416217418,0.9617541156175394,1.0,HSD11B1, HSD11B1
aneuploidy,14.5,cg07843576,0.0024188948654465157,0.9617316784506511,0.9614220416217418,0.9617541156175394,16.0,NA,
aneuploidy,14.5,cg14205519,0.0017240229229794225,0.9617316784506511,0.9614220416217418,0.9617541156175394,9.0,C9orf139;FUT7, C9orf139;FUT7
aneuploidy,14.5,cg14353201,0.002945570217359566,0.9617316784506511,0.9614220416217418,0.9617541156175394,11.0,ALDH3B2, ALDH3B2
aneuploidy,14.5,cg15009331,0.0013167391163146408,0.9617316784506511,0.9614220416217418,0.9617541156175394,10.0,NA,
aneuploidy,14.5,cg16522484,0.004736287983989364,0.9617316784506511,0.9614220416217418,0.9617541156175394,14.0,C14orf49, C14orf49
aneuploidy,14.5,cg17832639,0.006410164812434559,0.9617316784506511,0.9614220416217418,0.9617541156175394,6.0,TNXB, TNXB
aneuploidy,14.5,cg20344925,0.004731804851403011,0.9617316784506511,0.9614220416217418,0.9617541156175394,6.0,TNXB, TNXB
aneuploidy,14.5,cg22787468,0.0035416452499653778,0.9617316784506511,0.9614220416217418,0.9617541156175394,17.0,SEZ6;SEZ6, SEZ6
aneuploidy,14.5,cg23715732,0.0004908724704964784,0.9617316784506511,0.9614220416217418,0.9617541156175394,17.0,RPTOR;RPTOR, RPTOR
aneuploidy,14.5,cg24467190,0.0009690699532818086,0.9617316784506511,0.9614220416217418,0.9617541156175394,2.0,DNAJB2;DNAJB2, DNAJB2
aneuploidy,14.5,cg24968629,0.0032293394475320864,0.9617316784506511,0.9614220416217418,0.9617541156175394,22.0,CELSR1, CELSR1
HeH,4.0,cg01791669,0.0006933870801414055,0.9844372677935618,0.9821678898565079,0.9852845664177959,12.0,SSH1;SSH1;SSH1, SSH1
HeH,4.0,cg02696971,0.0005063440118138447,0.9844372677935618,0.9821678898565079,0.9852845664177959,3.0,CBLB, CBLB
HeH,4.0,cg02846963,0.0016218278469571766,0.9844372677935618,0.9821678898565079,0.9852845664177959,4.0,NA,
HeH,4.0,cg03001048,0.0011067685000126835,0.9844372677935618,0.9821678898565079,0.9852845664177959,1.0,NOS1AP;NOS1AP, NOS1AP
HeH,4.0,cg03976877,0.001559897828863304,0.9844372677935618,0.9821678898565079,0.9852845664177959,7.0,VIPR2;VIPR2, VIPR2
HeH,4.0,cg04970438,0.0005839686710663772,0.9844372677935618,0.9821678898565079,0.9852845664177959,10.0,TAF3, TAF3
HeH,4.0,cg05184729,0.0006880496500216584,0.9844372677935618,0.9821678898565079,0.9852845664177959,5.0,NA,
HeH,4.0,cg06834427,0.0008560436678741736,0.9844372677935618,0.9821678898565079,0.9852845664177959,2.0,NA,
HeH,4.0,cg07543883,0.0004591176505960928,0.9844372677935618,0.9821678898565079,0.9852845664177959,19.0,ANGPTL6;ANGPTL6, ANGPTL6
HeH,4.0,cg08202165,0.0011356967583671107,0.9844372677935618,0.9821678898565079,0.9852845664177959,6.0,NA,
HeH,4.0,cg08376828,0.000863090676883757,0.9844372677935618,0.9821678898565079,0.9852845664177959,10.0,NA,
HeH,4.0,cg08882216,0.001445133815026023,0.9844372677935618,0.9821678898565079,0.9852845664177959,7.0,EPHB6, EPHB6
HeH,4.0,cg09719124,0.0007201004771551343,0.9844372677935618,0.9821678898565079,0.9852845664177959,3.0,LMCD1, LMCD1
HeH,4.0,cg09894698,0.0006092814319926413,0.9844372677935618,0.9821678898565079,0.9852845664177959,11.0,ASCL2, ASCL2
HeH,4.0,cg10063047,0.0009468274925516919,0.9844372677935618,0.9821678898565079,0.9852845664177959,21.0,FTCD;FTCD, FTCD
HeH,4.0,cg10206933,0.001218846081311591,0.9844372677935618,0.9821678898565079,0.9852845664177959,10.0,BNIP3, BNIP3
HeH,4.0,cg10362869,0.0005226053639846602,0.9844372677935618,0.9821678898565079,0.9852845664177959,2.0,NCKAP5;NCKAP5, NCKAP5
HeH,4.0,cg10619342,0.001171910087945308,0.9844372677935618,0.9821678898565079,0.9852845664177959,15.0,LOC390594, LOC390594
HeH,4.0,cg11189837,0.0007595868220523441,0.9844372677935618,0.9821678898565079,0.9852845664177959,21.0,ADAMTS1, ADAMTS1
HeH,4.0,cg11199770,0.002369956189339993,0.9844372677935618,0.9821678898565079,0.9852845664177959,19.0,TSHZ3, TSHZ3
HeH,4.0,cg13794530,0.0008076628352490202,0.9844372677935618,0.9821678898565079,0.9852845664177959,7.0,VIPR2;VIPR2, VIPR2
HeH,4.0,cg15057852,0.00038785328278000277,0.9844372677935618,0.9821678898565079,0.9852845664177959,20.0,KIF16B, KIF16B
HeH,4.0,cg16200531,0.0009490587015759679,0.9844372677935618,0.9821678898565079,0.9852845664177959,2.0,NA,
HeH,4.0,cg17090401,0.0004038314176245101,0.9844372677935618,0.9821678898565079,0.9852845664177959,4.0,FAT1, FAT1
HeH,4.0,cg17716765,0.002846892887401596,0.9844372677935618,0.9821678898565079,0.9852845664177959,15.0,APBA2;APBA2, APBA2
HeH,4.0,cg20663432,0.0016308789793530857,0.9844372677935618,0.9821678898565079,0.9852845664177959,12.0,ANO2, ANO2
HeH,4.0,cg20719675,0.0004429979070884313,0.9844372677935618,0.9821678898565079,0.9852845664177959,2.0,CHRNA1;CHRNA1, CHRNA1
HeH,4.0,cg23320499,0.0016139095838665,0.9844372677935618,0.9821678898565079,0.9852845664177959,12.0,DUSP16, DUSP16
HeH,4.0,cg23584087,0.0019535452447866724,0.9844372677935618,0.9821678898565079,0.9852845664177959,13.0,KL, KL
HeH,4.0,cg25857569,0.0010910210025555317,0.9844372677935618,0.9821678898565079,0.9852845664177959,3.0,PPM1L, PPM1L
HeH,4.0,cg26071526,0.0021039922435095292,0.9844372677935618,0.9821678898565079,0.9852845664177959,10.0,TACC2;TACC2;TACC2;TACC2;TACC2;TACC2, TACC2
HeH,4.0,cg26282731,0.0019345048216024875,0.9844372677935618,0.9821678898565079,0.9852845664177959,4.0,ARHGAP10, ARHGAP10
HeH,4.0,cg26645082,0.0009572601819929528,0.9844372677935618,0.9821678898565079,0.9852845664177959,11.0,SHANK2, SHANK2
HeH,4.0,cg27180671,0.0012327209124322126,0.9844372677935618,0.9821678898565079,0.9852845664177959,17.0,PITPNC1;PITPNC1, PITPNC1
low HeH,2.5,cg01154505,9.455060155697214e-05,0.9915208775654637,0.9917459636767609,0.991105173693409,2.0,FBLN7;FBLN7, FBLN7
low HeH,2.5,cg02068356,0.0002994102382637451,0.9915208775654637,0.9917459636767609,0.991105173693409,1.0,NA,
low HeH,2.5,cg02610360,0.0016338162854547388,0.9915208775654637,0.9917459636767609,0.991105173693409,11.0,TMEM136, TMEM136
low HeH,2.5,cg02962406,2.3637650389243036e-05,0.9915208775654637,0.9917459636767609,0.991105173693409,20.0,ISM1, ISM1
low HeH,2.5,cg03045067,2.3637650389243036e-05,0.9915208775654637,0.9917459636767609,0.991105173693409,16.0,ZFHX3;ZFHX3, ZFHX3
low HeH,2.5,cg04898765,7.879216796414346e-06,0.9915208775654637,0.9917459636767609,0.991105173693409,4.0,NA,
low HeH,2.5,cg04928930,0.0020097762920801517,0.9915208775654637,0.9917459636767609,0.991105173693409,14.0,TMEM55B;TMEM55B, TMEM55B
low HeH,2.5,cg06213598,0.00040899630081362527,0.9915208775654637,0.9917459636767609,0.991105173693409,17.0,ABCA9, ABCA9
low HeH,2.5,cg06644719,0.0011976409530549805,0.9915208775654637,0.9917459636767609,0.991105173693409,2.0,NA,
low HeH,2.5,cg06962067,0.0003230478886529882,0.9915208775654637,0.9917459636767609,0.991105173693409,1.0,CA6, CA6
low HeH,2.5,cg08980697,0.0001024298183533865,0.9915208775654637,0.9917459636767609,0.991105173693409,4.0,RASGEF1B, RASGEF1B
low HeH,2.5,cg09469870,6.303373437131477e-05,0.9915208775654637,0.9917459636767609,0.991105173693409,6.0,NA,
low HeH,2.5,cg10209089,0.0015886364206733014,0.9915208775654637,0.9917459636767609,0.991105173693409,12.0,NA,
low HeH,2.5,cg12946705,1.5758433592828692e-05,0.9915208775654637,0.9917459636767609,0.991105173693409,6.0,NA,
low HeH,2.5,cg13220569,0.00149126741051936,0.9915208775654637,0.9917459636767609,0.991105173693409,12.0,KCNA5;KCNA5, KCNA5
low HeH,2.5,cg13671890,0.0007800424628450202,0.9915208775654637,0.9917459636767609,0.991105173693409,12.0,VSIG10, VSIG10
low HeH,2.5,cg13753868,0.00018122198631752995,0.9915208775654637,0.9917459636767609,0.991105173693409,19.0,ZNF556, ZNF556
low HeH,2.5,cg14678088,9.455060155697214e-05,0.9915208775654637,0.9917459636767609,0.991105173693409,5.0,TRIO, TRIO
low HeH,2.5,cg14905466,0.0015743974140830278,0.9915208775654637,0.9917459636767609,0.991105173693409,6.0,SGK1;SGK1, SGK1
low HeH,2.5,cg16111364,0.0008036801132342632,0.9915208775654637,0.9917459636767609,0.991105173693409,12.0,CLIP1;CLIP1, CLIP1
low HeH,2.5,cg16985233,0.0005730139083384851,0.9915208775654637,0.9917459636767609,0.991105173693409,15.0,NA,
low HeH,2.5,cg18124517,0.0003230478886529882,0.9915208775654637,0.9917459636767609,0.991105173693409,1.0,TNFRSF1B, TNFRSF1B
low HeH,2.5,cg18765405,0.0004727530077848607,0.9915208775654637,0.9917459636767609,0.991105173693409,5.0,NA,
low HeH,2.5,cg20715953,0.0006195662365170504,0.9915208775654637,0.9917459636767609,0.991105173693409,6.0,NA,
low HeH,2.5,cg20949700,0.000409719273413546,0.9915208775654637,0.9917459636767609,0.991105173693409,11.0,NAV2;NAV2;NAV2;NAV2, NAV2
low HeH,2.5,cg21109265,0.00013394668553904388,0.9915208775654637,0.9917459636767609,0.991105173693409,6.0,CRIP3, CRIP3
low HeH,2.5,cg21116077,0.0010400566171266936,0.9915208775654637,0.9917459636767609,0.991105173693409,1.0,NA,
low HeH,2.5,cg21700774,0.00044123614059920336,0.9915208775654637,0.9917459636767609,0.991105173693409,7.0,CDK14, CDK14
low HeH,2.5,cg22446208,0.0004018400566171316,0.9915208775654637,0.9917459636767609,0.991105173693409,2.0,C2orf74;C2orf74, C2orf74
low HeH,2.5,cg23591609,5.515451757490042e-05,0.9915208775654637,0.9917459636767609,0.991105173693409,12.0,BEST3, BEST3
low HeH,2.5,cg24195359,0.001728366887011711,0.9915208775654637,0.9917459636767609,0.991105173693409,8.0,ANGPT2;ANGPT2;ANGPT2;MCPH1, ANGPT2;MCPH1
low HeH,2.5,cg24352054,0.00011818825194621518,0.9915208775654637,0.9917459636767609,0.991105173693409,13.0,PCDH9;PCDH9, PCDH9
low HeH,2.5,cg25742761,0.0009132661757841434,0.9915208775654637,0.9917459636767609,0.991105173693409,4.0,GAB1;GAB1, GAB1
low HeH,2.5,cg27503015,0.0013315876385940244,0.9915208775654637,0.9917459636767609,0.991105173693409,2.0,NA,
iAMP21,4.1,cg00091146,0.0025981978021978147,1.0,1.0,1.0,8.0,NA,
iAMP21,4.1,cg00886571,0.0012311721611721672,1.0,1.0,1.0,14.0,NA,
iAMP21,4.1,cg02099148,0.0001867985347985357,1.0,1.0,1.0,6.0,CDYL, CDYL
iAMP21,4.1,cg03319887,0.00010189010989011039,1.0,1.0,1.0,15.0,NA,
iAMP21,4.1,cg04574956,0.00033114285714285873,1.0,1.0,1.0,7.0,LOC154822, LOC154822
iAMP21,4.1,cg04947907,0.0034557728937729105,1.0,1.0,1.0,12.0,NA,
iAMP21,4.1,cg06598091,0.003005758241758256,1.0,1.0,1.0,12.0,NA,
iAMP21,4.1,cg07212747,0.003048212454212469,1.0,1.0,1.0,16.0,HMOX2;HMOX2;HMOX2, HMOX2
iAMP21,4.1,cg10364182,0.003685025641025659,1.0,1.0,1.0,11.0,RAG2;C11orf74, C11orf74;RAG2
iAMP21,4.1,cg11214962,0.0007556849816849853,1.0,1.0,1.0,1.0,MPZ, MPZ
iAMP21,4.1,cg13096135,0.003735970695970714,1.0,1.0,1.0,8.0,SCARA3;SCARA3;SCARA3;SCARA3, SCARA3
iAMP21,4.1,cg13314778,0.0012396630036630096,1.0,1.0,1.0,3.0,NA,
iAMP21,4.1,cg16176095,0.0023010183150183263,1.0,1.0,1.0,1.0,PRDM16;PRDM16, PRDM16
iAMP21,4.1,cg16908208,0.0030227399267399413,1.0,1.0,1.0,12.0,TMEM132C, TMEM132C
iAMP21,4.1,cg17267737,0.0030906666666666817,1.0,1.0,1.0,7.0,NA,
iAMP21,4.1,cg19136371,0.003718989010989029,1.0,1.0,1.0,6.0,NA,
iAMP21,4.1,cg19572849,0.0026576336996337125,1.0,1.0,1.0,13.0,RCBTB2, RCBTB2
iAMP21,4.1,cg23064481,0.001485897435897443,1.0,1.0,1.0,6.0,TRIM15, TRIM15
iAMP21,4.1,cg23210521,0.0017576043956044041,1.0,1.0,1.0,4.0,BMPR1B, BMPR1B
iAMP21,4.1,cg25505570,0.002920849816849831,1.0,1.0,1.0,4.0,KIAA1530, KIAA1530
iAMP21,4.1,cg26300517,0.0020208205128205226,1.0,1.0,1.0,4.0,NA,
iAMP21,4.1,cg26338428,0.0037614432234432415,1.0,1.0,1.0,4.0,ARHGAP10, ARHGAP10
iAMP21,4.1,cg26504467,0.0029123589743589883,1.0,1.0,1.0,16.0,NA,
iAMP21,4.1,cg26821327,0.003718989010989029,1.0,1.0,1.0,11.0,RAG2;C11orf74, C11orf74;RAG2
Hypo,2.7,cg00139496,0.0001845000823587526,0.9991994460121184,0.9937411562643759,0.9956865131102419,3.0,GLT8D1;GLT8D1;GLT8D1, GLT8D1
Hypo,2.7,cg00240767,0.00010428265524625147,0.9991994460121184,0.9937411562643759,0.9956865131102419,16.0,CCDC101, CCDC101
Hypo,2.7,cg00323915,2.406522813375034e-05,0.9991994460121184,0.9937411562643759,0.9956865131102419,7.0,GIMAP4, GIMAP4
Hypo,2.7,cg01397912,3.208697084500045e-05,0.9991994460121184,0.9937411562643759,0.9956865131102419,19.0,C19orf51;TNNI3, C19orf51;TNNI3
Hypo,2.7,cg01584932,2.406522813375034e-05,0.9991994460121184,0.9937411562643759,0.9956865131102419,2.0,TTC31;TTC31;CCDC142, CCDC142;TTC31
Hypo,2.7,cg01586609,7.219568440125101e-05,0.9991994460121184,0.9937411562643759,0.9956865131102419,11.0,HTR3A;HTR3A;HTR3A, HTR3A
Hypo,2.7,cg02410867,8.021742711250112e-05,0.9991994460121184,0.9937411562643759,0.9956865131102419,19.0,TPM4;TPM4, TPM4
Hypo,2.7,cg02980249,0.0001283478833800018,0.9991994460121184,0.9937411562643759,0.9956865131102419,6.0,VARS, VARS
Hypo,2.7,cg07727425,2.406522813375034e-05,0.9991994460121184,0.9937411562643759,0.9956865131102419,22.0,NA,
Hypo,2.7,cg08201700,4.813045626750068e-05,0.9991994460121184,0.9937411562643759,0.9956865131102419,7.0,WDR60, WDR60
Hypo,2.7,cg08628233,8.823916982375125e-05,0.9991994460121184,0.9937411562643759,0.9956865131102419,5.0,NA,
Hypo,2.7,cg08760493,4.813045626750068e-05,0.9991994460121184,0.9937411562643759,0.9956865131102419,4.0,COL25A1;COL25A1, COL25A1
Hypo,2.7,cg10023249,9.626091253500136e-05,0.9991994460121184,0.9937411562643759,0.9956865131102419,19.0,ZNF331;ZNF331, ZNF331
Hypo,2.7,cg12024104,0.00019199029550280588,0.9991994460121184,0.9937411562643759,0.9956865131102419,12.0,IFFO1;IFFO1, IFFO1
Hypo,2.7,cg12609063,0.0004716882312621662,0.9991994460121184,0.9937411562643759,0.9956865131102419,1.0,SLC22A15, SLC22A15
Hypo,2.7,cg13252580,4.010871355625056e-05,0.9991994460121184,0.9937411562643759,0.9956865131102419,13.0,USP12, USP12
Hypo,2.7,cg14374994,8.021742711250112e-05,0.9991994460121184,0.9937411562643759,0.9956865131102419,9.0,PDCD1LG2, PDCD1LG2
Hypo,2.7,cg14688104,0.00016845659693625237,0.9991994460121184,0.9937411562643759,0.9956865131102419,8.0,KCNS2;KCNS2, KCNS2
Hypo,2.7,cg14701108,0.0002005435677812528,0.9991994460121184,0.9937411562643759,0.9956865131102419,2.0,NA,
Hypo,2.7,cg15697201,0.00031231643617155757,0.9991994460121184,0.9937411562643759,0.9956865131102419,20.0,NA,
Hypo,2.7,cg16165258,0.0002727392521825038,0.9991994460121184,0.9937411562643759,0.9956865131102419,12.0,OSBPL8;OSBPL8, OSBPL8
Hypo,2.7,cg17371081,0.00028878273760500405,0.9991994460121184,0.9937411562643759,0.9956865131102419,11.0,NELL1;NELL1, NELL1
Hypo,2.7,cg18376860,8.021742711250112e-05,0.9991994460121184,0.9937411562643759,0.9956865131102419,15.0,LOC390594, LOC390594
Hypo,2.7,cg18508425,4.813045626750068e-05,0.9991994460121184,0.9937411562643759,0.9956865131102419,19.0,NA,
Hypo,2.7,cg19291696,0.00015241311151375215,0.9991994460121184,0.9937411562643759,0.9956865131102419,13.0,NA,
Hypo,2.7,cg22249612,5.615219897875079e-05,0.9991994460121184,0.9937411562643759,0.9956865131102419,12.0,CD63;CD63, CD63
Hypo,2.7,cg23186333,0.00039949254686091516,0.9991994460121184,0.9937411562643759,0.9956865131102419,11.0,CD44;CD44;CD44;CD44;CD44, CD44
Hypo,2.7,cg23286646,0.00020856531049250293,0.9991994460121184,0.9937411562643759,0.9956865131102419,21.0,SIM2, SIM2
Hypo,2.7,cg23332582,0.00028076099489375393,0.9991994460121184,0.9937411562643759,0.9956865131102419,3.0,SPSB4, SPSB4
Hypo,2.7,cg23808165,0.00012032614066875168,0.9991994460121184,0.9937411562643759,0.9956865131102419,22.0,NA,
Hypo,2.7,cg24368031,2.406522813375034e-05,0.9991994460121184,0.9937411562643759,0.9956865131102419,17.0,MRC2, MRC2
Hypo,2.7,cg24674703,0.00015241311151375215,0.9991994460121184,0.9937411562643759,0.9956865131102419,11.0,CD5;CD5, CD5
Hypo,2.7,cg25469800,0.00023263053862625327,0.9991994460121184,0.9937411562643759,0.9956865131102419,1.0,C1orf55, C1orf55
Hypo,2.7,cg25797055,2.406522813375034e-05,0.9991994460121184,0.9937411562643759,0.9956865131102419,4.0,UCP1, UCP1
Hypo,2.7,cg26360197,0.0002005435677812528,0.9991994460121184,0.9937411562643759,0.9956865131102419,17.0,RPTOR;RPTOR, RPTOR
Hypo,2.7,cg26816688,4.010871355625056e-05,0.9991994460121184,0.9937411562643759,0.9956865131102419,7.0,C7orf13;RNF32, C7orf13;RNF32
Hypo,2.7,cg27107094,9.626091253500136e-05,0.9991994460121184,0.9937411562643759,0.9956865131102419,22.0,ELFN2, ELFN2
Hypo,2.7,cg27615938,0.00015241311151375215,0.9991994460121184,0.9937411562643759,0.9956865131102419,17.0,NCRNA00188;NCRNA00188;NCRNA00188;NCRNA00188;NCRNA00188;NCRNA00188;NCRNA00188;NCRNA00188;NCRNA00188;NCRNA00188;NCRNA00188;NCRNA00188;NCRNA00188;NCRNA00188;NCRNA00188;NCRNA00188;NCRNA00188;NCRNA00188;SNORD65;NCRNA00188;NCRNA00188;NCRNA00188;NCRNA00188, NCRNA00188;SNORD65
ETV6-group,15.0,cg01578875,0.0029374302619876182,0.981825830152477,0.9813457551786147,0.9818109285174306,4.0,ZNF827, ZNF827
ETV6-group,15.0,cg01712159,0.0023511765466950312,0.981825830152477,0.9813457551786147,0.9818109285174306,16.0,CBFA2T3;CBFA2T3, CBFA2T3
ETV6-group,15.0,cg02525597,0.001669383496685979,0.981825830152477,0.9813457551786147,0.9818109285174306,16.0,CIITA, CIITA
ETV6-group,15.0,cg03195147,0.0009042136354487382,0.981825830152477,0.9813457551786147,0.9818109285174306,3.0,NA,
ETV6-group,15.0,cg08674255,0.00044270878776770804,0.981825830152477,0.9813457551786147,0.9818109285174306,16.0,CBFA2T3;CBFA2T3, CBFA2T3
ETV6-group,15.0,cg09394681,0.002262307671536164,0.981825830152477,0.9813457551786147,0.9818109285174306,6.0,NA,
ETV6-group,15.0,cg10450692,0.0014089375932905828,0.981825830152477,0.9813457551786147,0.9818109285174306,17.0,NA,
ETV6-group,15.0,cg14325952,0.0004159196012476585,0.981825830152477,0.9813457551786147,0.9818109285174306,8.0,NA,
ETV6-group,15.0,cg15982952,0.0008855380144904483,0.981825830152477,0.9813457551786147,0.9818109285174306,8.0,NA,
ETV6-group,15.0,cg16340152,0.0010490377621812325,0.981825830152477,0.9813457551786147,0.9818109285174306,8.0,NA,
ETV6-group,15.0,cg18858542,0.003399860848501186,0.981825830152477,0.9813457551786147,0.9818109285174306,15.0,MYO1E, MYO1E
ETV6-group,15.0,cg18948877,0.0031366464283654246,0.981825830152477,0.9813457551786147,0.9818109285174306,2.0,NA,
ETV6-group,15.0,cg19937878,0.0020180504056811046,0.981825830152477,0.9813457551786147,0.9818109285174306,6.0,NA,
ETV6-group,15.0,cg22261669,0.0019993857122865494,0.981825830152477,0.9813457551786147,0.9818109285174306,13.0,FARP1, FARP1
ETV6-group,15.0,cg26351001,0.003372930639586794,0.981825830152477,0.9813457551786147,0.9818109285174306,4.0,NA,
ETV6-group,15.0,cg26872053,0.0019994012092847463,0.981825830152477,0.9813457551786147,0.9818109285174306,5.0,NA,
ETV6-group,15.0,cg27628854,0.002826414450579513,0.981825830152477,0.9813457551786147,0.9818109285174306,8.0,SNTB1, SNTB1
t(12;21)_vs_t(12;21)-like,3.0,cg00638210,0.0008519875592574438,0.988702638108049,0.985770237592791,0.9874112785026847,3.0,PLXNA1, PLXNA1
t(12;21)_vs_t(12;21)-like,3.0,cg03070196,9.7455822225343e-05,0.988702638108049,0.985770237592791,0.9874112785026847,8.0,NA,
t(12;21)_vs_t(12;21)-like,3.0,cg06376426,0.004174378514526768,0.988702638108049,0.985770237592791,0.9874112785026847,1.0,GRHL3;GRHL3;GRHL3, GRHL3
t(12;21)_vs_t(12;21)-like,3.0,cg07893801,4.4298101011519544e-05,0.988702638108049,0.985770237592791,0.9874112785026847,20.0,PLCG1;PLCG1, PLCG1
t(12;21)_vs_t(12;21)-like,3.0,cg08483876,7.087696161843126e-05,0.988702638108049,0.985770237592791,0.9874112785026847,8.0,NA,
t(12;21)_vs_t(12;21)-like,3.0,cg09144073,0.005639992301435205,0.988702638108049,0.985770237592791,0.9874112785026847,6.0,NA,
t(12;21)_vs_t(12;21)-like,3.0,cg10053779,0.0032582733830043634,0.988702638108049,0.985770237592791,0.9874112785026847,10.0,INPP5F;INPP5F, INPP5F
t(12;21)_vs_t(12;21)-like,3.0,cg12819548,0.001679297255796282,0.988702638108049,0.985770237592791,0.9874112785026847,11.0,ARHGEF12, ARHGEF12
t(12;21)_vs_t(12;21)-like,3.0,cg13703576,0.003269823435293521,0.988702638108049,0.985770237592791,0.9874112785026847,11.0,FGF3, FGF3
t(12;21)_vs_t(12;21)-like,3.0,cg13720710,0.0007928786466239717,0.988702638108049,0.985770237592791,0.9874112785026847,10.0,ADARB2, ADARB2
t(12;21)_vs_t(12;21)-like,3.0,cg14501253,0.00017682869330818663,0.988702638108049,0.985770237592791,0.9874112785026847,8.0,C8orf79, C8orf79
t(12;21)_vs_t(12;21)-like,3.0,cg15924577,7.087696161843126e-05,0.988702638108049,0.985770237592791,0.9874112785026847,11.0,NA,
t(12;21)_vs_t(12;21)-like,3.0,cg20697926,0.0053827556901659915,0.988702638108049,0.985770237592791,0.9874112785026847,18.0,NA,
t(12;21)_vs_t(12;21)-like,3.0,cg21188610,0.003544473072052044,0.988702638108049,0.985770237592791,0.9874112785026847,9.0,FNBP1, FNBP1
t(12;21)_vs_t(12;21)-like,3.0,cg21598389,0.004944129664706795,0.988702638108049,0.985770237592791,0.9874112785026847,15.0,MYO1E, MYO1E
t(12;21)_vs_t(12;21)-like,3.0,cg25285440,0.0051046204197758354,0.988702638108049,0.985770237592791,0.9874112785026847,12.0,LGR5, LGR5
t(12;21)_vs_t(12;21)-like,3.0,cg25597952,0.005960898994912728,0.988702638108049,0.985770237592791,0.9874112785026847,7.0,MAD1L1;MAD1L1;MAD1L1, MAD1L1
t(12;21)_vs_t(12;21)-like,3.0,cg25642217,9.7455822225343e-05,0.988702638108049,0.985770237592791,0.9874112785026847,8.0,MGC70857, MGC70857
ph-group,4.1,cg01204844,0.0007228676434040273,0.9733809020334491,0.9737166191174685,0.9734903564188592,22.0,NA,
ph-group,4.1,cg01550810,0.0005142349472300524,0.9733809020334491,0.9737166191174685,0.9734903564188592,1.0,NA,
ph-group,4.1,cg09440215,0.000283576994963894,0.9733809020334491,0.9737166191174685,0.9734903564188592,19.0,C19orf18, C19orf18
ph-group,4.1,cg10171489,0.00046565224556221053,0.9733809020334491,0.9737166191174685,0.9734903564188592,6.0,LY86, LY86
ph-group,4.1,cg10716356,0.0005593707883595915,0.9733809020334491,0.9737166191174685,0.9734903564188592,1.0,CENPF, CENPF
ph-group,4.1,cg13217373,0.000487429693191638,0.9733809020334491,0.9737166191174685,0.9734903564188592,6.0,RPS6KA2, RPS6KA2
ph-group,4.1,cg20463261,0.00022245787184004296,0.9733809020334491,0.9737166191174685,0.9734903564188592,1.0,MFN2;MFN2, MFN2
ph-group,4.1,cg21359950,0.00021761529774809408,0.9733809020334491,0.9737166191174685,0.9734903564188592,12.0,CRADD, CRADD
ph-group,4.1,cg22836605,0.0005297968354330623,0.9733809020334491,0.9737166191174685,0.9734903564188592,5.0,DCTN4;DCTN4;DCTN4, DCTN4
t(9;22)_vs_ph-like,2.6,cg02419835,0.006709435492044171,1.0,1.0,1.0,5.0,NA,
t(9;22)_vs_ph-like,2.6,cg02589604,0.026392411935890144,1.0,1.0,1.0,2.0,MYT1L, MYT1L
t(9;22)_vs_ph-like,2.6,cg04231677,0.011125772777946663,1.0,1.0,1.0,1.0,FAM129A, FAM129A
t(9;22)_vs_ph-like,2.6,cg05098343,0.013249011857707476,1.0,1.0,1.0,7.0,ELMO1, ELMO1
t(9;22)_vs_ph-like,2.6,cg05403689,0.010955913651565797,1.0,1.0,1.0,12.0,NA,
t(9;22)_vs_ph-like,2.6,cg05995607,0.008651080803254697,1.0,1.0,1.0,11.0,NA,
t(9;22)_vs_ph-like,2.6,cg06442240,0.0013588730110469208,1.0,1.0,1.0,16.0,ITPRIPL2;ITPRIPL2;ITPRIPL2, ITPRIPL2
t(9;22)_vs_ph-like,2.6,cg09884146,0.035274665551839404,1.0,1.0,1.0,2.0,SPRED2;SPRED2;SPRED2, SPRED2
t(9;22)_vs_ph-like,2.6,cg10221172,0.013249011857707478,1.0,1.0,1.0,6.0,SASH1, SASH1
t(9;22)_vs_ph-like,2.6,cg10558233,0.016391405695753484,1.0,1.0,1.0,8.0,NA,
t(9;22)_vs_ph-like,2.6,cg13519918,0.015014930721452427,1.0,1.0,1.0,12.0,NA,
t(9;22)_vs_ph-like,2.6,cg15267010,0.012543172407302816,1.0,1.0,1.0,20.0,TOX2;TOX2;TOX2, TOX2
t(9;22)_vs_ph-like,2.6,cg16276424,0.010686456659282723,1.0,1.0,1.0,11.0,NAV2;NAV2;NAV2;LOC100126784, LOC100126784;NAV2
t(9;22)_vs_ph-like,2.6,cg17183174,0.014402821815865262,1.0,1.0,1.0,13.0,NA,
t(9;22)_vs_ph-like,2.6,cg21255356,0.011102303493607817,1.0,1.0,1.0,6.0,NA,
t(9;22)_vs_ph-like,2.6,cg26182406,0.01939606408084665,1.0,1.0,1.0,14.0,NA,
PAX5alt,6.0,cg00527307,5.53758921273837e-05,0.995931417282743,0.9960516445528029,0.9959946804681289,13.0,NA,
PAX5alt,6.0,cg01028389,4.8152949675985824e-06,0.995931417282743,0.9960516445528029,0.9959946804681289,16.0,NA,
PAX5alt,6.0,cg01096587,0.00010112119431957022,0.995931417282743,0.9960516445528029,0.9959946804681289,6.0,PLEKHG1, PLEKHG1
PAX5alt,6.0,cg01737554,0.00011315943173856668,0.995931417282743,0.9960516445528029,0.9959946804681289,17.0,SLFN12L, SLFN12L
PAX5alt,6.0,cg02131130,4.333765470838724e-05,0.995931417282743,0.9960516445528029,0.9959946804681289,3.0,VGLL4;ATG7;VGLL4;ATG7;VGLL4;ATG7;VGLL4, ATG7;VGLL4
PAX5alt,6.0,cg02404377,2.407647483799291e-05,0.995931417282743,0.9960516445528029,0.9959946804681289,11.0,NAV2;NAV2;NAV2;NAV2, NAV2
PAX5alt,6.0,cg04919234,2.166882735419362e-05,0.995931417282743,0.9960516445528029,0.9959946804681289,6.0,FBXL4, FBXL4
PAX5alt,6.0,cg05091135,4.815294967598582e-05,0.995931417282743,0.9960516445528029,0.9959946804681289,13.0,NA,
PAX5alt,6.0,cg09571376,7.222942451397873e-06,0.995931417282743,0.9960516445528029,0.9959946804681289,11.0,NAV2;NAV2;NAV2;NAV2, NAV2
PAX5alt,6.0,cg13054358,0.0002431723958637284,0.995931417282743,0.9960516445528029,0.9959946804681289,11.0,NA,
PAX5alt,6.0,cg13130398,9.389825186817236e-05,0.995931417282743,0.9960516445528029,0.9959946804681289,1.0,RABGAP1L;RABGAP1L, RABGAP1L
PAX5alt,6.0,cg13866253,7.945236696537661e-05,0.995931417282743,0.9960516445528029,0.9959946804681289,11.0,PAK1;PAK1, PAK1
PAX5alt,6.0,cg13932603,3.611471225698937e-05,0.995931417282743,0.9960516445528029,0.9959946804681289,9.0,DAPK1, DAPK1
PAX5alt,6.0,cg14014720,9.149060438437307e-05,0.995931417282743,0.9960516445528029,0.9959946804681289,9.0,DAPK1, DAPK1
PAX5alt,6.0,cg17239236,0.0011452075366041527,0.995931417282743,0.9960516445528029,0.9959946804681289,7.0,CALN1;CALN1;CALN1, CALN1
PAX5alt,6.0,cg17262755,2.407647483799291e-05,0.995931417282743,0.9960516445528029,0.9959946804681289,5.0,ARHGAP26;ARHGAP26, ARHGAP26
PAX5alt,6.0,cg17433546,0.00018298120876874613,0.995931417282743,0.9960516445528029,0.9959946804681289,12.0,C12orf23, C12orf23
PAX5alt,6.0,cg20401521,8.426766193297519e-05,0.995931417282743,0.9960516445528029,0.9959946804681289,9.0,DAPK1, DAPK1
PAX5alt,6.0,cg20848785,2.4076474837992912e-06,0.995931417282743,0.9960516445528029,0.9959946804681289,7.0,VIPR2, VIPR2
PAX5alt,6.0,cg21546532,4.815294967598582e-05,0.995931417282743,0.9960516445528029,0.9959946804681289,7.0,NA,
PAX5alt,6.0,cg23004031,6.500648206258086e-05,0.995931417282743,0.9960516445528029,0.9959946804681289,10.0,MGMT, MGMT
PAX5alt,6.0,cg23253991,1.926117987039433e-05,0.995931417282743,0.9960516445528029,0.9959946804681289,2.0,RAPGEF4;RAPGEF4;RAPGEF4, RAPGEF4
PAX5alt,6.0,cg25522149,7.222942451397873e-06,0.995931417282743,0.9960516445528029,0.9959946804681289,19.0,DOCK6, DOCK6
PAX5alt,6.0,cg25843927,3.3707064773190075e-05,0.995931417282743,0.9960516445528029,0.9959946804681289,2.0,AGPS, AGPS
PAX5alt,6.0,cg27158793,9.871354683577093e-05,0.995931417282743,0.9960516445528029,0.9959946804681289,7.0,AUTS2;AUTS2;AUTS2, AUTS2
PAX5 p.Pro80Arg,3.8,cg03684571,2.233481154266359e-06,0.998741071005748,0.9989665541795558,0.9984673882268355,16.0,ZCCHC14, ZCCHC14
PAX5 p.Pro80Arg,3.8,cg06123807,9.603968963345345e-05,0.998741071005748,0.9989665541795558,0.9984673882268355,7.0,NA,
PAX5 p.Pro80Arg,3.8,cg06263227,3.126873615972903e-05,0.998741071005748,0.9989665541795558,0.9984673882268355,7.0,IQCE;IQCE, IQCE
PAX5 p.Pro80Arg,3.8,cg06963346,2.9035255005462668e-05,0.998741071005748,0.9989665541795558,0.9984673882268355,7.0,PTPRN2;PTPRN2;PTPRN2, PTPRN2
PAX5 p.Pro80Arg,3.8,cg07066860,8.933924617065437e-06,0.998741071005748,0.9989665541795558,0.9984673882268355,12.0,ETV6, ETV6
PAX5 p.Pro80Arg,3.8,cg08151370,0.00016081064310717786,0.998741071005748,0.9989665541795558,0.9984673882268355,3.0,FAM198A, FAM198A
PAX5 p.Pro80Arg,3.8,cg08456247,0.00021441419080957047,0.998741071005748,0.9989665541795558,0.9984673882268355,2.0,CCDC85A, CCDC85A
PAX5 p.Pro80Arg,3.8,cg08476055,7.147139693652349e-05,0.998741071005748,0.9989665541795558,0.9984673882268355,6.0,RUNX2;RUNX2;RUNX2, RUNX2
PAX5 p.Pro80Arg,3.8,cg08492145,2.233481154266359e-05,0.998741071005748,0.9989665541795558,0.9984673882268355,7.0,PTPRN2;PTPRN2;PTPRN2, PTPRN2
PAX5 p.Pro80Arg,3.8,cg09653364,1.3400886925598154e-05,0.998741071005748,0.9989665541795558,0.9984673882268355,5.0,NA,
PAX5 p.Pro80Arg,3.8,cg11626153,4.91365853938599e-05,0.998741071005748,0.9989665541795558,0.9984673882268355,3.0,RNF7;RNF7, RNF7
PAX5 p.Pro80Arg,3.8,cg12239580,0.00025461685158636495,0.998741071005748,0.9989665541795558,0.9984673882268355,3.0,FAM198A, FAM198A
PAX5 p.Pro80Arg,3.8,cg13799263,2.233481154266359e-06,0.998741071005748,0.9989665541795558,0.9984673882268355,10.0,SGMS1, SGMS1
PAX5 p.Pro80Arg,3.8,cg17157198,8.933924617065437e-06,0.998741071005748,0.9989665541795558,0.9984673882268355,7.0,IKZF1, IKZF1
PAX5 p.Pro80Arg,3.8,cg17624891,5.8070510010925336e-05,0.998741071005748,0.9989665541795558,0.9984673882268355,5.0,NA,
PAX5 p.Pro80Arg,3.8,cg18514573,6.030399116519169e-05,0.998741071005748,0.9989665541795558,0.9984673882268355,6.0,NA,
PAX5 p.Pro80Arg,3.8,cg18950481,9.380620847918708e-05,0.998741071005748,0.9989665541795558,0.9984673882268355,1.0,LOC149134, LOC149134
PAX5 p.Pro80Arg,3.8,cg19006947,6.700443462799077e-06,0.998741071005748,0.9989665541795558,0.9984673882268355,11.0,PLCB3, PLCB3
PAX5 p.Pro80Arg,3.8,cg20637603,1.1167405771331795e-05,0.998741071005748,0.9989665541795558,0.9984673882268355,2.0,SCN3A;SCN3A;SCN3A, SCN3A
PAX5 p.Pro80Arg,3.8,cg23729200,2.233481154266359e-06,0.998741071005748,0.9989665541795558,0.9984673882268355,10.0,NA,
PAX5 p.Pro80Arg,3.8,cg24090608,2.233481154266359e-06,0.998741071005748,0.9989665541795558,0.9984673882268355,3.0,STAG1, STAG1
PAX5 p.Pro80Arg,3.8,cg24658360,2.456829269692995e-05,0.998741071005748,0.9989665541795558,0.9984673882268355,13.0,ENOX1;ENOX1, ENOX1
PAX5 p.Pro80Arg,3.8,cg26244838,0.00010720709540478523,0.998741071005748,0.9989665541795558,0.9984673882268355,5.0,SLC12A7, SLC12A7
NUTM1-r,2.7,cg02297838,0.0002470604551121265,0.9997649275615081,0.997889296520581,0.998438859878155,13.0,MIR19A;MIR17HG;MIR92A1;MIR17HG;MIR20A;MIR17;MIR19B1;MIR18A, MIR17;MIR17HG;MIR18A;MIR19A;MIR19B1;MIR20A;MIR92A1
NUTM1-r,2.7,cg05664352,4.844322649257382e-06,0.9997649275615081,0.997889296520581,0.998438859878155,10.0,NA,
NUTM1-r,2.7,cg07288693,0.00017197345404863706,0.9997649275615081,0.997889296520581,0.998438859878155,22.0,RBX1, RBX1
NUTM1-r,2.7,cg08206898,3.8754581194059054e-05,0.9997649275615081,0.997889296520581,0.998438859878155,10.0,FAM160B1;FAM160B1, FAM160B1
NUTM1-r,2.7,cg08965464,2.422161324628691e-06,0.9997649275615081,0.997889296520581,0.998438859878155,2.0,EPHA4;EPHA4, EPHA4
NUTM1-r,2.7,cg08989214,0.00012353022755606324,0.9997649275615081,0.997889296520581,0.998438859878155,16.0,ZCCHC14, ZCCHC14
NUTM1-r,2.7,cg09850150,7.266483973886073e-05,0.9997649275615081,0.997889296520581,0.998438859878155,22.0,MB;MB;MB;MB, MB
NUTM1-r,2.7,cg11093760,0.00014532967947772146,0.9997649275615081,0.997889296520581,0.998438859878155,15.0,CILP;CILP, CILP
NUTM1-r,2.7,cg12163781,9.688645298514764e-06,0.9997649275615081,0.997889296520581,0.998438859878155,7.0,MAD1L1;MAD1L1;MAD1L1, MAD1L1
NUTM1-r,2.7,cg12690246,7.266483973886073e-05,0.9997649275615081,0.997889296520581,0.998438859878155,12.0,AQP5, AQP5
NUTM1-r,2.7,cg14073046,1.2110806623143454e-05,0.9997649275615081,0.997889296520581,0.998438859878155,13.0,NA,
NUTM1-r,2.7,cg14911856,0.000164706970074751,0.9997649275615081,0.997889296520581,0.998438859878155,1.0,NA,
NUTM1-r,2.7,cg15617609,0.00010173077563440503,0.9997649275615081,0.997889296520581,0.998438859878155,12.0,VPS37B, VPS37B
NUTM1-r,2.7,cg19137417,1.4532967947772147e-05,0.9997649275615081,0.997889296520581,0.998438859878155,17.0,NA,
NUTM1-r,2.7,cg19930352,3.6332419869430365e-05,0.9997649275615081,0.997889296520581,0.998438859878155,1.0,S100A11, S100A11
NUTM1-r,2.7,cg20100151,0.00011141942093291978,0.9997649275615081,0.997889296520581,0.998438859878155,3.0,NA,
NUTM1-r,2.7,cg20397902,7.024267841423204e-05,0.9997649275615081,0.997889296520581,0.998438859878155,16.0,NA,
NUTM1-r,2.7,cg22306691,0.00020103938994418135,0.9997649275615081,0.997889296520581,0.998438859878155,19.0,C19orf48;C19orf48;SNORD88C, C19orf48;SNORD88C
NUTM1-r,2.7,cg23104439,0.00011141942093291978,0.9997649275615081,0.997889296520581,0.998438859878155,14.0,NA,
11q23/MLL,8.0,cg01824466,0.001283397274681069,0.9997900345115621,0.9992013406426878,0.998928815329285,8.0,TP53INP1;TP53INP1, TP53INP1
11q23/MLL,8.0,cg02091808,0.002389198038519033,0.9997900345115621,0.9992013406426878,0.998928815329285,5.0,NA,
11q23/MLL,8.0,cg03636048,0.001753928851665229,0.9997900345115621,0.9992013406426878,0.998928815329285,16.0,PMFBP1;PMFBP1, PMFBP1
11q23/MLL,8.0,cg06057569,0.001399537435522542,0.9997900345115621,0.9992013406426878,0.998928815329285,22.0,BRD1, BRD1
11q23/MLL,8.0,cg06348985,0.002524727729083566,0.9997900345115621,0.9992013406426878,0.998928815329285,13.0,LNX2, LNX2
11q23/MLL,8.0,cg07232063,0.002415642624483974,0.9997900345115621,0.9992013406426878,0.998928815329285,1.0,CLCA1, CLCA1
11q23/MLL,8.0,cg08369079,0.0025167434069753663,0.9997900345115621,0.9992013406426878,0.998928815329285,6.0,PRDM1;PRDM1, PRDM1
11q23/MLL,8.0,cg08946713,0.001032598260670114,0.9997900345115621,0.9992013406426878,0.998928815329285,2.0,STAT1;STAT1, STAT1
11q23/MLL,8.0,cg10006817,0.0012454238563807483,0.9997900345115621,0.9992013406426878,0.998928815329285,15.0,FMN1, FMN1
11q23/MLL,8.0,cg11815811,0.0012322864739294746,0.9997900345115621,0.9992013406426878,0.998928815329285,3.0,NA,
11q23/MLL,8.0,cg12170477,0.0018282114418544145,0.9997900345115621,0.9992013406426878,0.998928815329285,6.0,NKAIN2, NKAIN2
11q23/MLL,8.0,cg13598109,0.002506131608376911,0.9997900345115621,0.9992013406426878,0.998928815329285,9.0,TLE4, TLE4
11q23/MLL,8.0,cg13836518,0.002460921080642921,0.9997900345115621,0.9992013406426878,0.998928815329285,9.0,CORO2A;CORO2A, CORO2A
11q23/MLL,8.0,cg16068833,0.001204335230486076,0.9997900345115621,0.9992013406426878,0.998928815329285,1.0,UBXN11;CD52, CD52;UBXN11
11q23/MLL,8.0,cg17185710,0.0012349139504197293,0.9997900345115621,0.9992013406426878,0.998928815329285,3.0,MBNL1;MBNL1;LOC401093;LOC401093, LOC401093;MBNL1
11q23/MLL,8.0,cg17218026,0.0024396295550210534,0.9997900345115621,0.9992013406426878,0.998928815329285,1.0,ADAR;ADAR;ADAR;ADAR, ADAR
11q23/MLL,8.0,cg18254356,0.0012848360037345694,0.9997900345115621,0.9992013406426878,0.998928815329285,5.0,LOC153684, LOC153684
11q23/MLL,8.0,cg19144497,0.0011928743265756535,0.9997900345115621,0.9992013406426878,0.998928815329285,15.0,ARID3B, ARID3B
11q23/MLL,8.0,cg19672145,0.0025486806954081675,0.9997900345115621,0.9992013406426878,0.998928815329285,2.0,SPRED2;SPRED2, SPRED2
11q23/MLL,8.0,cg20201971,0.0012506788093612578,0.9997900345115621,0.9992013406426878,0.998928815329285,2.0,NA,
11q23/MLL,8.0,cg22076311,0.00039412147353821145,0.9997900345115621,0.9992013406426878,0.998928815329285,3.0,FOXP1, FOXP1
11q23/MLL,8.0,cg23358625,0.0012611887153222768,0.9997900345115621,0.9992013406426878,0.998928815329285,19.0,RPSAP58, RPSAP58
11q23/MLL,8.0,cg23653058,0.001269071144793041,0.9997900345115621,0.9992013406426878,0.998928815329285,3.0,NA,
11q23/MLL,8.0,cg24603481,0.0012349139504197293,0.9997900345115621,0.9992013406426878,0.998928815329285,1.0,RNF220, RNF220
11q23/MLL,8.0,cg25576093,0.0015748651119075572,0.9997900345115621,0.9992013406426878,0.998928815329285,6.0,NA,
t(1;19),6.5,cg00197728,0.00040941753939244464,0.9978752015322655,0.9977490142327545,0.9978219923603595,20.0,NA,
t(1;19),6.5,cg00447582,0.0011595584001584673,0.9978752015322655,0.9977490142327545,0.9978219923603595,16.0,RAB11FIP3;RAB11FIP3, RAB11FIP3
t(1;19),6.5,cg00631327,0.0011210896380679021,0.9978752015322655,0.9977490142327545,0.9978219923603595,8.0,CSMD1, CSMD1
t(1;19),6.5,cg04982190,0.0011650539375999767,0.9978752015322655,0.9977490142327545,0.9978219923603595,1.0,APOBEC4;RGL1, APOBEC4;RGL1
t(1;19),6.5,cg05735590,0.0012117660058528058,0.9978752015322655,0.9977490142327545,0.9978219923603595,6.0,NA,
t(1;19),6.5,cg06037365,0.001195279393528278,0.9978752015322655,0.9977490142327545,0.9978219923603595,16.0,NA,
t(1;19),6.5,cg07339138,0.0012227570807358246,0.9978752015322655,0.9977490142327545,0.9978219923603595,3.0,NA,
t(1;19),6.5,cg10208934,0.0012337481556188431,0.9978752015322655,0.9977490142327545,0.9978219923603595,2.0,ZNF512;C2orf16, C2orf16;ZNF512
t(1;19),6.5,cg10309609,0.0012722169177094085,0.9978752015322655,0.9977490142327545,0.9978219923603595,8.0,TOP1MT, TOP1MT
t(1;19),6.5,cg12183594,0.0011568106314377128,0.9978752015322655,0.9977490142327545,0.9978219923603595,7.0,ZNF425, ZNF425
t(1;19),6.5,cg12400790,0.0011732972437622407,0.9978752015322655,0.9977490142327545,0.9978219923603595,7.0,IQCE;IQCE, IQCE
t(1;19),6.5,cg13455842,0.000967214589705641,0.9978752015322655,0.9977490142327545,0.9978219923603595,9.0,KANK1;KANK1, KANK1
t(1;19),6.5,cg15047134,0.0012227570807358246,0.9978752015322655,0.9977490142327545,0.9978219923603595,11.0,NA,
t(1;19),6.5,cg15159247,0.0010688820323735634,0.9978752015322655,0.9977490142327545,0.9978219923603595,19.0,MOBKL2A, MOBKL2A
t(1;19),6.5,cg15172966,0.0013024423736377098,0.9978752015322655,0.9977490142327545,0.9978219923603595,12.0,NA,
t(1;19),6.5,cg15346493,0.001162306168879222,0.9978752015322655,0.9977490142327545,0.9978219923603595,3.0,NA,
t(1;19),6.5,cg16391792,0.0012996946049169552,0.9978752015322655,0.9977490142327545,0.9978219923603595,15.0,LIPC, LIPC
t(1;19),6.5,cg17322000,0.0012255048494565792,0.9978752015322655,0.9977490142327545,0.9978219923603595,8.0,TOP1MT, TOP1MT
t(1;19),6.5,cg20439101,0.0012117660058528058,0.9978752015322655,0.9977490142327545,0.9978219923603595,5.0,MAP3K1, MAP3K1
t(1;19),6.5,cg20707774,0.001170549475041486,0.9978752015322655,0.9977490142327545,0.9978219923603595,1.0,CHI3L1, CHI3L1
t(1;19),6.5,cg22548735,0.0012996946049169552,0.9978752015322655,0.9977490142327545,0.9978219923603595,2.0,NA,
t(1;19),6.5,cg24215635,0.0011678017063207313,0.9978752015322655,0.9977490142327545,0.9978219923603595,13.0,MTUS2;MTUS2, MTUS2
t(1;19),6.5,cg26716839,0.0010249177328414889,0.9978752015322655,0.9977490142327545,0.9978219923603595,12.0,UNC119B, UNC119B
t(1;19),6.5,cg26893605,0.0012502347679433712,0.9978752015322655,0.9977490142327545,0.9978219923603595,1.0,GALNT2, GALNT2
MEF2D-r,4.5,cg01181307,3.515965210566518e-05,1.0,1.0,1.0,14.0,BRF1;BTBD6;BRF1, BRF1;BTBD6
MEF2D-r,4.5,cg03380518,1.757982605283259e-05,1.0,1.0,1.0,1.0,NA,
MEF2D-r,4.5,cg04132891,0.00021346931635582433,1.0,1.0,1.0,3.0,CCDC80;CCDC80, CCDC80
MEF2D-r,4.5,cg09237515,5.273947815849778e-05,1.0,1.0,1.0,14.0,BTBD6;BRF1, BRF1;BTBD6
MEF2D-r,4.5,cg11293572,1.004561488733291e-05,1.0,1.0,1.0,7.0,PTPRN2;PTPRN2;PTPRN2, PTPRN2
MEF2D-r,4.5,cg13572771,2.76254409401655e-05,1.0,1.0,1.0,14.0,RAD51L1;RAD51L1;RAD51L1, RAD51L1
MEF2D-r,4.5,cg17130474,1.5068422330999364e-05,1.0,1.0,1.0,8.0,PINX1, PINX1
MEF2D-r,4.5,cg18385299,6.278509304583069e-05,1.0,1.0,1.0,1.0,ACBD3, ACBD3
MEF2D-r,4.5,cg26469895,8.036491909866328e-05,1.0,1.0,1.0,2.0,HDAC4, HDAC4
MEF2D-r,4.5,cg26671873,2.2602633496499048e-05,1.0,1.0,1.0,4.0,NA,
ZNF384-r,6.0,cg00075204,3.20024351783732e-05,0.9989780752300174,0.9990504988509403,0.9990342942981073,5.0,SFXN1, SFXN1
ZNF384-r,6.0,cg00213714,1.7232080480662492e-05,0.9989780752300174,0.9990504988509403,0.9990342942981073,9.0,ASTN2;ASTN2;TRIM32;ASTN2;TRIM32;ASTN2;ASTN2, ASTN2;TRIM32
ZNF384-r,6.0,cg06429887,9.275369364786434e-05,0.9989780752300174,0.9990504988509403,0.9990342942981073,14.0,FITM1, FITM1
ZNF384-r,6.0,cg07782630,7.385177348855354e-06,0.9989780752300174,0.9990504988509403,0.9990342942981073,9.0,ASTN2;TRIM32;ASTN2;ASTN2;ASTN2;TRIM32, ASTN2;TRIM32
ZNF384-r,6.0,cg08166720,0.0012936286496578694,0.9989780752300174,0.9990504988509403,0.9990342942981073,17.0,ZZEF1, ZZEF1
ZNF384-r,6.0,cg12883826,0.0012948595433051112,0.9989780752300174,0.9990504988509403,0.9990342942981073,4.0,CAMK2D;CAMK2D;CAMK2D;CAMK2D;CAMK2D;CAMK2D, CAMK2D
ZNF384-r,6.0,cg13246654,0.0012815652974806234,0.9989780752300174,0.9990504988509403,0.9990342942981073,4.0,CAMK2D;CAMK2D;CAMK2D;CAMK2D;CAMK2D;CAMK2D;CAMK2D;CAMK2D;CAMK2D;CAMK2D;CAMK2D;CAMK2D, CAMK2D
ZNF384-r,6.0,cg14556391,2.9540709395421415e-05,0.9989780752300174,0.9990504988509403,0.9990342942981073,2.0,KCNK12, KCNK12
ZNF384-r,6.0,cg21291985,0.0013721566210006806,0.9989780752300174,0.9990504988509403,0.9990342942981073,20.0,ZBTB46, ZBTB46
ZNF384-r,6.0,cg26557834,0.001281754272280245,0.9989780752300174,0.9990504988509403,0.9990342942981073,6.0,SGK1, SGK1
ZNF384-r,6.0,cg26786253,0.001265612202491238,0.9989780752300174,0.9990504988509403,0.9990342942981073,17.0,ZZEF1, ZZEF1
ZNF384-r,6.0,cg27500214,3.20024351783732e-05,0.9989780752300174,0.9990504988509403,0.9990342942981073,10.0,PARD3, PARD3
DUX4-r,8.4,cg02501127,0.001280575486719101,1.0,1.0,1.0,17.0,SHPK, SHPK
DUX4-r,8.4,cg04204002,0.0012832378058183092,1.0,1.0,1.0,21.0,TMPRSS3;TMPRSS3, TMPRSS3
DUX4-r,8.4,cg04770020,0.0013071986777111822,1.0,1.0,1.0,2.0,TPO;TPO;TPO;TPO, TPO
DUX4-r,8.4,cg06513043,0.000822656601655306,1.0,1.0,1.0,16.0,NA,
DUX4-r,8.4,cg08631887,0.0013018740395127658,1.0,1.0,1.0,13.0,NA,
DUX4-r,8.4,cg12549451,0.0012646015721238524,1.0,1.0,1.0,6.0,NA,
DUX4-r,8.4,cg13458875,0.0012965494013143497,1.0,1.0,1.0,9.0,SEC16A, SEC16A
DUX4-r,8.4,cg17107501,0.001206030551941274,1.0,1.0,1.0,10.0,ARHGAP19, ARHGAP19
DUX4-r,8.4,cg17518079,0.0013045363586119741,1.0,1.0,1.0,2.0,TPO;TPO;TPO;TPO, TPO
DUX4-r,8.4,cg19564408,0.0012885624440167253,1.0,1.0,1.0,4.0,NA,
DUX4-r,8.4,cg19791379,0.0012512899766278119,1.0,1.0,1.0,12.0,ERC1;ERC1;ERC1;ERC1;ERC1, ERC1
DUX4-r,8.4,cg25710107,7.188261567861898e-05,1.0,1.0,1.0,13.0,A2LD1, A2LD1
DUX4-r,8.4,cg26428748,0.00033012756830180567,1.0,1.0,1.0,8.0,TPD52;TPD52;TPD52, TPD52
T-ALL,18.4,cg00004667,0.00010394154735794636,0.9989525214976916,0.9989372437132978,0.9989412081522672,1.0,ZBTB17, ZBTB17
T-ALL,18.4,cg07793148,0.0010855955048052611,0.9989525214976916,0.9989372437132978,0.9989412081522672,1.0,C1orf200;PIK3CD, C1orf200;PIK3CD
T-ALL,18.4,cg11238542,0.0009327689531579186,0.9989525214976916,0.9989372437132978,0.9989412081522672,2.0,NA,
T-ALL,18.4,cg11619961,8.83503152542544e-05,0.9989525214976916,0.9989372437132978,0.9989412081522672,5.0,CD74;CD74;CD74, CD74
T-ALL,18.4,cg19966212,9.614593130610039e-05,0.9989525214976916,0.9989372437132978,0.9989412081522672,5.0,CD74;CD74;CD74, CD74
T-ALL,18.4,cg22232207,9.874446999004904e-05,0.9989525214976916,0.9989372437132978,0.9989412081522672,20.0,CD40;CD40, CD40
T-ALL,18.4,cg23109968,5.197077367897318e-06,0.9989525214976916,0.9989372437132978,0.9989412081522672,4.0,NA,
Control,16.7,cg03502002,0.0027803744349109206,0.9947171502608882,0.9946337145563965,0.9948386520182697,18.0,GALR1;GALR1, GALR1
Control,16.7,cg04021856,0.0013389474638413896,0.9947171502608882,0.9946337145563965,0.9948386520182697,2.0,LYPD6, LYPD6
Control,16.7,cg08234308,0.0011321174017994665,0.9947171502608882,0.9946337145563965,0.9948386520182697,1.0,LEPR;LEPR;LEPR, LEPR
Control,16.7,cg08797194,0.002863049310914411,0.9947171502608882,0.9946337145563965,0.9948386520182697,13.0,UGGT2, UGGT2
Control,16.7,cg09826050,0.0023322357320549854,0.9947171502608882,0.9946337145563965,0.9948386520182697,1.0,ESRRG, ESRRG
Control,16.7,cg09839635,0.0010250467876599387,0.9947171502608882,0.9946337145563965,0.9948386520182697,5.0,RNF180;RNF180, RNF180
Control,16.7,cg11549265,0.0014826253317709152,0.9947171502608882,0.9946337145563965,0.9948386520182697,6.0,LOC100270746;C6orf41, C6orf41;LOC100270746
Control,16.7,cg12079322,0.0007521050615173974,0.9947171502608882,0.9946337145563965,0.9948386520182697,2.0,GALNT13;GALNT13, GALNT13
Control,16.7,cg16987305,0.002694003721941717,0.9947171502608882,0.9946337145563965,0.9948386520182697,1.0,LEPR;LEPR;LEPR, LEPR
Control,16.7,cg17025835,0.0012119476277523973,0.9947171502608882,0.9946337145563965,0.9948386520182697,7.0,TMEM229A;TMEM229A, TMEM229A
Control,16.7,cg19849428,0.0017407359711673837,0.9947171502608882,0.9946337145563965,0.9948386520182697,11.0,LRRC4C;LRRC4C, LRRC4C
Control,16.7,cg22484737,0.00043537916816194743,0.9947171502608882,0.9946337145563965,0.9948386520182697,7.0,NA,
Control,16.7,cg25032595,0.0021919076840109953,0.9947171502608882,0.9946337145563965,0.9948386520182697,13.0,CLDN10;CLDN10;CLDN10;CLDN10, CLDN10
Control,16.7,cg26001902,0.0017371555949831563,0.9947171502608882,0.9946337145563965,0.9948386520182697,2.0,SLC5A7, SLC5A7
Control,16.7,cg26980244,0.0010992530510133061,0.9947171502608882,0.9946337145563965,0.9948386520182697,8.0,NEFM;NEFM;NEFM, NEFM
